{
  "iterations": 10,
  "averageTime": 0.05000000596046448,
  "minTime": 0,
  "maxTime": 0.20000004768371582,
  "allTimes": [
    0.20000004768371582,
    0.19999998807907104,
    0.10000002384185791,
    0,
    0,
    0,
    0,
    0,
    0,
    0
  ],
  "timestamp": "2025-09-24T18:56:15.157Z"
}